Skeletons,Japan,Trees
Red Mushrooms,Skeletons,Bush Monster
Red Mushrooms,Skeletons,Bush Monster
Red Mushrooms,Skeletons,Bush Monster
Red Mushrooms,Skeletons,Bush Monster
Red Mushrooms,Skeletons,Bush Monster
Red Mushrooms,Skeletons,Bush Monster
Red Mushrooms,Skeletons,Bush Monster
Red Mushrooms,Skeletons,Bush Monster
Red Mushrooms,Skeletons,Bush Monster
Red Mushrooms,Skeletons,Bush Monster
Red Mushrooms,Skeletons,Bush Monster
Red Mushrooms,Skeletons,Bush Monster
Red Mushrooms,Skeletons,Bush Monster
Red Mushrooms,Skeletons,Bush Monster
Red Mushrooms,Skeletons,Bush Monster
Red Mushrooms,Skeletons,Bush Monster
Red Mushrooms,Skeletons,Bush Monster
Red Mushrooms,Skeletons,Bush Monster